{
    "name": "root",
    "metadata": {
        "timer_format_version": "0.1.0",
        "start_time_seconds": "1617635263",
        "python_version": "3.7.9 (tags/v3.7.9:13c94747c7, Aug 17 2020, 18:58:18) [MSC v.1900 64 bit (AMD64)]",
        "command_line_arguments": "D:\\UNIStuffs\\Year 4\\Reinforcement-Learning\\Honours-Project\\venv\\Scripts\\mlagents-learn --force",
        "mlagents_version": "0.23.0",
        "mlagents_envs_version": "0.23.0",
        "communication_protocol_version": "1.3.0",
        "pytorch_version": "1.7.0+cu110",
        "numpy_version": "1.18.5",
        "end_time_seconds": "1617635338"
    },
    "total": 74.5940868,
    "count": 1,
    "self": 0.00373559999999884,
    "children": {
        "run_training.setup": {
            "total": 0.006067299999999998,
            "count": 1,
            "self": 0.006067299999999998
        },
        "TrainerController.start_learning": {
            "total": 74.5842839,
            "count": 1,
            "self": 0.012868699999913247,
            "children": {
                "TrainerController._reset_env": {
                    "total": 3.6828288999999996,
                    "count": 1,
                    "self": 3.6828288999999996
                },
                "TrainerController.advance": {
                    "total": 70.78724450000009,
                    "count": 172,
                    "self": 0.0018056000000825634,
                    "children": {
                        "env_step": {
                            "total": 70.7854389,
                            "count": 172,
                            "self": 70.64025480000005,
                            "children": {
                                "SubprocessEnvManager._take_step": {
                                    "total": 0.1435325999999737,
                                    "count": 172,
                                    "self": 0.006645899999979221,
                                    "children": {
                                        "TorchPolicy.evaluate": {
                                            "total": 0.13688669999999448,
                                            "count": 172,
                                            "self": 0.03795300000000967,
                                            "children": {
                                                "TorchPolicy.sample_actions": {
                                                    "total": 0.0989336999999848,
                                                    "count": 172,
                                                    "self": 0.0989336999999848
                                                }
                                            }
                                        }
                                    }
                                },
                                "workers": {
                                    "total": 0.0016514999999763802,
                                    "count": 171,
                                    "self": 0.0,
                                    "children": {
                                        "worker_root": {
                                            "total": 70.58370699999999,
                                            "count": 171,
                                            "is_parallel": true,
                                            "self": 0.27632870000000764,
                                            "children": {
                                                "steps_from_proto": {
                                                    "total": 0.0002773999999998722,
                                                    "count": 1,
                                                    "is_parallel": true,
                                                    "self": 0.00014680000000000248,
                                                    "children": {
                                                        "_process_vector_observation": {
                                                            "total": 0.0001305999999998697,
                                                            "count": 2,
                                                            "is_parallel": true,
                                                            "self": 0.0001305999999998697
                                                        }
                                                    }
                                                },
                                                "UnityEnvironment.step": {
                                                    "total": 70.30710089999998,
                                                    "count": 171,
                                                    "is_parallel": true,
                                                    "self": 0.010915399999888109,
                                                    "children": {
                                                        "UnityEnvironment._generate_step_input": {
                                                            "total": 0.008425900000021525,
                                                            "count": 171,
                                                            "is_parallel": true,
                                                            "self": 0.008425900000021525
                                                        },
                                                        "communicator.exchange": {
                                                            "total": 70.25689210000002,
                                                            "count": 171,
                                                            "is_parallel": true,
                                                            "self": 70.25689210000002
                                                        },
                                                        "steps_from_proto": {
                                                            "total": 0.030867500000058,
                                                            "count": 171,
                                                            "is_parallel": true,
                                                            "self": 0.017822500000039376,
                                                            "children": {
                                                                "_process_vector_observation": {
                                                                    "total": 0.013045000000018625,
                                                                    "count": 342,
                                                                    "is_parallel": true,
                                                                    "self": 0.013045000000018625
                                                                }
                                                            }
                                                        }
                                                    }
                                                }
                                            }
                                        }
                                    }
                                }
                            }
                        }
                    }
                },
                "trainer_threads": {
                    "total": 1.3699999996674705e-05,
                    "count": 1,
                    "self": 1.3699999996674705e-05,
                    "children": {
                        "thread_root": {
                            "total": 0.0,
                            "count": 0,
                            "is_parallel": true,
                            "self": 0.0,
                            "children": {
                                "trainer_advance": {
                                    "total": 70.73023809999985,