{
    "name": "root",
    "metadata": {
        "timer_format_version": "0.1.0",
        "start_time_seconds": "1617644894",
        "python_version": "3.7.9 (tags/v3.7.9:13c94747c7, Aug 17 2020, 18:58:18) [MSC v.1900 64 bit (AMD64)]",
        "command_line_arguments": "D:\\UNIStuffs\\Year 4\\Reinforcement-Learning\\Honours-Project\\venv\\Scripts\\mlagents-learn --force",
        "mlagents_version": "0.23.0",
        "mlagents_envs_version": "0.23.0",
        "communication_protocol_version": "1.3.0",
        "pytorch_version": "1.7.0+cu110",
        "numpy_version": "1.18.5",
        "end_time_seconds": "1617645011"
    },
    "total": 117.35519450000001,
    "count": 1,
    "self": 0.0023007000000063726,
    "children": {
        "run_training.setup": {
            "total": 0.0074993000000000976,
            "count": 1,
            "self": 0.0074993000000000976
        },
        "TrainerController.start_learning": {
            "total": 117.3453945,
            "count": 1,
            "self": 0.011284700000032899,
            "children": {
                "TrainerController._reset_env": {
                    "total": 3.5162861000000003,
                    "count": 1,
                    "self": 3.5162861000000003
                },
                "TrainerController.advance": {
                    "total": 113.70546529999996,
                    "count": 363,
                    "self": 0.003891199999912942,
                    "children": {
                        "env_step": {
                            "total": 113.70157410000004,
                            "count": 363,
                            "self": 113.39433850000009,
                            "children": {
                                "SubprocessEnvManager._take_step": {
                                    "total": 0.3037700000001049,
                                    "count": 363,
                                    "self": 0.014285600000133236,
                                    "children": {
                                        "TorchPolicy.evaluate": {
                                            "total": 0.28948439999997166,
                                            "count": 363,
                                            "self": 0.08210489999993076,
                                            "children": {
                                                "TorchPolicy.sample_actions": {
                                                    "total": 0.2073795000000409,
                                                    "count": 363,
                                                    "self": 0.2073795000000409
                                                }
                                            }
                                        }
                                    }
                                },
                                "workers": {
                                    "total": 0.0034655999998509657,
                                    "count": 362,
                                    "self": 0.0,
                                    "children": {
                                        "worker_root": {
                                            "total": 113.65109649999991,
                                            "count": 362,
                                            "is_parallel": true,
                                            "self": 0.5933522999999212,
                                            "children": {
                                                "steps_from_proto": {
                                                    "total": 0.0002752999999997563,
                                                    "count": 1,
                                                    "is_parallel": true,
                                                    "self": 0.00014359999999946638,
                                                    "children": {
                                                        "_process_vector_observation": {
                                                            "total": 0.00013170000000028992,
                                                            "count": 2,
                                                            "is_parallel": true,
                                                            "self": 0.00013170000000028992
                                                        }
                                                    }
                                                },
                                                "UnityEnvironment.step": {
                                                    "total": 113.05746889999999,
                                                    "count": 362,
                                                    "is_parallel": true,
                                                    "self": 0.02299120000012067,
                                                    "children": {
                                                        "UnityEnvironment._generate_step_input": {
                                                            "total": 0.017766699999959723,
                                                            "count": 362,
                                                            "is_parallel": true,
                                                            "self": 0.017766699999959723
                                                        },
                                                        "communicator.exchange": {
                                                            "total": 112.94963989999995,
                                                            "count": 362,
                                                            "is_parallel": true,
                                                            "self": 112.94963989999995
                                                        },
                                                        "steps_from_proto": {
                                                            "total": 0.06707109999996064,
                                                            "count": 362,
                                                            "is_parallel": true,
                                                            "self": 0.03762789999992222,
                                                            "children": {
                                                                "_process_vector_observation": {
                                                                    "total": 0.029443200000038416,
                                                                    "count": 724,
                                                                    "is_parallel": true,
                                                                    "self": 0.029443200000038416
                                                                }
                                                            }
                                                        }
                                                    }
                                                }
                                            }
                                        }
                                    }
                                }
                            }
                        }
                    }
                },
                "trainer_threads": {
                    "total": 1.260000000513628e-05,
                    "count": 1,
                    "self": 1.260000000513628e-05,
                    "children": {
                        "thread_root": {
                            "total": 0.0,
                            "count": 0,
                            "is_parallel": true,
                            "self": 0.0,